id,umidade_solo_pct,precipitacao_24h_mm,temperatura_c,tipo_solo,declividade_graus,distancia_corpo_dagua_m,tipo_operacao,idade_equipamento_anos,horas_desde_manutencao,horas_operacao_dia,carga_pct,periodo_dia
001,22,2,28,Arenoso,3,1450,Plantio,2,40,6,60,Manha
002,30,0,31,Arenoso,5,1200,Pulverizacao,1,20,5,55,Manha
003,55,28,26,Misto,14,620,Plantio,6,180,8,78,Tarde
004,64,47,27,Misto,22,480,Pulverizacao,8,240,9,82,Tarde
005,58,33,24,Argiloso,18,700,Colheita,5,150,10,85,Manha
006,78,62,23,Argiloso,27,180,Colheita,11,380,12,95,Tarde
007,82,75,22,Argiloso,30,150,Transporte,12,420,13,100,Noite
008,91,95,20,Encharcado,35,60,Colheita,15,520,14,110,Noite
009,95,110,18,Encharcado,40,40,Transporte,18,560,15,115,Noite
010,88,90,21,Encharcado,33,80,Colheita,14,480,14,108,Tarde
