periodo,equipamento_id,leituras,score_medio,pct_alto_critico,sinistros_reais
2026-02-23,EQ-001,1,76.0,1.0,1.0
2026-02-23,EQ-002,1,8.0,0.0,0.0
2026-02-23,EQ-003,1,8.0,0.0,0.0
2026-02-23,EQ-004,1,83.0,1.0,1.0
2026-02-23,EQ-005,1,10.0,0.0,0.0
2026-02-23,EQ-008,2,44.5,0.5,0.0
2026-02-23,EQ-009,1,15.0,0.0,0.0
2026-02-23,EQ-011,1,10.0,0.0,0.0
2026-02-23,EQ-013,1,85.0,1.0,1.0
2026-02-23,EQ-018,1,59.0,1.0,0.0
2026-02-23,EQ-021,1,14.0,0.0,0.0
2026-02-23,EQ-025,2,45.0,0.5,1.0
2026-02-23,EQ-026,1,5.0,0.0,0.0
2026-02-23,EQ-027,2,67.0,1.0,2.0
2026-02-23,EQ-028,2,49.5,0.5,1.0
2026-02-23,EQ-029,1,16.0,0.0,0.0
2026-02-23,EQ-032,2,39.5,0.5,1.0
2026-02-23,EQ-033,2,51.0,0.5,2.0
2026-02-23,EQ-034,1,46.0,1.0,0.0
2026-02-23,EQ-037,2,72.5,1.0,2.0
2026-02-23,EQ-040,2,41.0,1.0,1.0
2026-03-02,EQ-001,7,50.6,0.571,3.0
2026-03-02,EQ-002,6,54.8,0.667,4.0
2026-03-02,EQ-003,1,13.0,0.0,0.0
2026-03-02,EQ-004,3,78.7,1.0,2.0
2026-03-02,EQ-005,6,60.7,0.667,4.0
2026-03-02,EQ-006,4,38.8,0.25,1.0
2026-03-02,EQ-007,8,59.4,0.75,5.0
2026-03-02,EQ-008,4,56.2,0.75,3.0
2026-03-02,EQ-009,5,70.8,1.0,3.0
2026-03-02,EQ-010,6,36.7,0.333,1.0
2026-03-02,EQ-011,5,63.2,0.8,4.0
2026-03-02,EQ-012,7,57.6,0.571,5.0
2026-03-02,EQ-013,5,55.6,0.6,4.0
2026-03-02,EQ-014,3,42.0,0.333,1.0
2026-03-02,EQ-015,4,70.8,0.75,3.0
2026-03-02,EQ-016,8,60.4,0.75,7.0
2026-03-02,EQ-017,5,74.0,1.0,4.0
2026-03-02,EQ-018,4,30.2,0.25,1.0
2026-03-02,EQ-019,7,68.0,0.857,5.0
2026-03-02,EQ-020,5,64.2,0.8,3.0
2026-03-02,EQ-021,3,57.7,0.667,2.0
2026-03-02,EQ-022,3,62.3,0.667,1.0
2026-03-02,EQ-023,4,49.0,0.5,2.0
2026-03-02,EQ-024,6,38.2,0.167,2.0
2026-03-02,EQ-025,6,59.0,0.833,3.0
2026-03-02,EQ-026,7,66.6,0.714,5.0
2026-03-02,EQ-027,6,62.7,1.0,5.0
2026-03-02,EQ-028,2,44.0,0.5,1.0
2026-03-02,EQ-029,3,49.0,0.333,1.0
2026-03-02,EQ-030,4,45.8,0.25,2.0
2026-03-02,EQ-031,6,59.7,0.667,4.0
2026-03-02,EQ-032,6,76.5,0.833,5.0
2026-03-02,EQ-033,8,55.4,0.5,4.0
2026-03-02,EQ-034,3,58.3,1.0,1.0
2026-03-02,EQ-035,3,44.3,0.333,2.0
2026-03-02,EQ-036,4,78.8,1.0,3.0
2026-03-02,EQ-037,5,70.6,0.8,5.0
2026-03-02,EQ-038,7,45.6,0.429,3.0
2026-03-02,EQ-039,3,52.7,0.667,1.0
2026-03-02,EQ-040,7,43.9,0.571,3.0
2026-03-09,EQ-001,3,39.0,0.333,1.0
2026-03-09,EQ-002,8,39.2,0.375,2.0
2026-03-09,EQ-003,4,68.2,0.75,3.0
2026-03-09,EQ-004,6,50.0,0.667,2.0
2026-03-09,EQ-005,7,48.6,0.571,4.0
2026-03-09,EQ-006,3,31.3,0.333,1.0
2026-03-09,EQ-007,5,29.0,0.4,1.0
2026-03-09,EQ-008,4,71.8,0.75,3.0
2026-03-09,EQ-009,5,48.8,0.6,3.0
2026-03-09,EQ-010,4,46.2,0.5,2.0
2026-03-09,EQ-011,5,56.6,0.6,4.0
2026-03-09,EQ-012,10,38.1,0.4,2.0
2026-03-09,EQ-013,6,61.7,0.667,3.0
2026-03-09,EQ-014,9,50.4,0.556,6.0
2026-03-09,EQ-015,6,47.3,0.5,3.0
2026-03-09,EQ-016,8,35.8,0.375,3.0
2026-03-09,EQ-017,9,40.4,0.444,4.0
2026-03-09,EQ-018,7,55.9,0.714,5.0
2026-03-09,EQ-019,5,56.4,0.6,3.0
2026-03-09,EQ-020,2,49.5,0.5,1.0
2026-03-09,EQ-021,3,51.0,1.0,2.0
2026-03-09,EQ-022,4,24.5,0.25,0.0
2026-03-09,EQ-023,6,55.8,0.667,4.0
2026-03-09,EQ-024,6,36.8,0.5,1.0
2026-03-09,EQ-025,5,50.0,0.6,3.0
2026-03-09,EQ-026,5,51.2,0.6,2.0
2026-03-09,EQ-027,2,66.0,1.0,0.0
2026-03-09,EQ-028,6,57.3,0.5,2.0
2026-03-09,EQ-029,5,21.2,0.0,1.0
2026-03-09,EQ-030,5,53.2,0.4,2.0
2026-03-09,EQ-031,8,40.0,0.375,2.0
2026-03-09,EQ-032,7,55.6,0.714,4.0
2026-03-09,EQ-033,3,78.3,1.0,3.0
2026-03-09,EQ-034,4,35.2,0.5,1.0
2026-03-09,EQ-035,6,68.3,0.833,5.0
2026-03-09,EQ-036,5,33.2,0.4,2.0
2026-03-09,EQ-037,3,63.7,1.0,3.0
2026-03-09,EQ-038,8,36.6,0.375,3.0
2026-03-09,EQ-039,6,61.3,0.667,4.0
2026-03-09,EQ-040,5,79.2,0.8,4.0
2026-03-16,EQ-001,5,79.0,0.8,4.0
2026-03-16,EQ-002,8,59.2,0.75,5.0
2026-03-16,EQ-003,6,72.7,0.833,5.0
2026-03-16,EQ-004,2,12.5,0.0,0.0
2026-03-16,EQ-005,9,32.9,0.444,3.0
2026-03-16,EQ-006,4,35.0,0.25,2.0
2026-03-16,EQ-007,8,31.1,0.25,1.0
2026-03-16,EQ-008,5,78.4,0.8,4.0
2026-03-16,EQ-009,5,45.4,0.6,1.0
2026-03-16,EQ-010,7,21.4,0.143,1.0
2026-03-16,EQ-011,3,43.3,0.667,2.0
2026-03-16,EQ-012,6,42.5,0.5,2.0
2026-03-16,EQ-013,6,76.2,1.0,5.0
2026-03-16,EQ-014,6,26.3,0.167,2.0
2026-03-16,EQ-015,8,42.5,0.5,4.0
2026-03-16,EQ-016,8,18.4,0.0,2.0
2026-03-16,EQ-017,5,34.8,0.2,1.0
2026-03-16,EQ-018,7,44.7,0.429,3.0
2026-03-16,EQ-019,6,49.7,0.667,4.0
2026-03-16,EQ-020,8,48.9,0.5,5.0
2026-03-16,EQ-021,3,82.7,1.0,2.0
2026-03-16,EQ-022,3,13.7,0.0,0.0
2026-03-16,EQ-023,5,51.4,0.6,3.0
2026-03-16,EQ-024,4,37.2,0.25,1.0
2026-03-16,EQ-025,9,68.0,0.778,7.0
2026-03-16,EQ-026,4,38.0,0.5,2.0
2026-03-16,EQ-027,4,57.8,0.75,3.0
2026-03-16,EQ-028,11,38.6,0.364,6.0
2026-03-16,EQ-029,4,54.0,0.5,1.0
2026-03-16,EQ-030,4,73.5,0.75,3.0
2026-03-16,EQ-031,8,61.2,0.75,5.0
2026-03-16,EQ-032,7,29.1,0.286,2.0
2026-03-16,EQ-033,5,90.2,1.0,5.0
2026-03-16,EQ-034,8,44.5,0.625,3.0
2026-03-16,EQ-035,4,16.0,0.0,0.0
2026-03-16,EQ-036,7,41.1,0.429,2.0
2026-03-16,EQ-037,6,59.3,0.833,4.0
2026-03-16,EQ-038,6,29.8,0.333,0.0
2026-03-16,EQ-039,9,43.4,0.444,4.0
2026-03-16,EQ-040,4,58.2,0.5,4.0
2026-03-23,EQ-001,7,84.3,1.0,7.0
2026-03-23,EQ-002,6,68.2,0.667,4.0
2026-03-23,EQ-003,10,49.3,0.5,5.0
2026-03-23,EQ-004,5,9.8,0.0,1.0
2026-03-23,EQ-005,7,52.6,0.571,4.0
2026-03-23,EQ-006,4,60.5,0.75,2.0
2026-03-23,EQ-007,3,19.3,0.0,1.0
2026-03-23,EQ-008,4,85.8,1.0,4.0
2026-03-23,EQ-009,7,42.1,0.429,4.0
2026-03-23,EQ-010,9,55.4,0.667,4.0
2026-03-23,EQ-011,8,57.1,0.75,6.0
2026-03-23,EQ-012,6,47.3,0.5,2.0
2026-03-23,EQ-013,7,58.9,0.714,5.0
2026-03-23,EQ-014,8,59.9,0.625,4.0
2026-03-23,EQ-015,8,35.0,0.375,4.0
2026-03-23,EQ-016,3,24.7,0.333,2.0
2026-03-23,EQ-017,7,64.6,0.714,5.0
2026-03-23,EQ-018,6,65.7,0.667,3.0
2026-03-23,EQ-019,6,60.8,0.667,3.0
2026-03-23,EQ-020,6,46.7,0.5,3.0
2026-03-23,EQ-021,4,29.0,0.25,1.0
2026-03-23,EQ-022,4,48.0,0.5,2.0
2026-03-23,EQ-023,3,24.3,0.333,0.0
2026-03-23,EQ-024,5,15.2,0.0,0.0
2026-03-23,EQ-025,6,60.0,0.5,4.0
2026-03-23,EQ-026,2,30.5,0.5,0.0
2026-03-23,EQ-027,8,55.5,0.75,4.0
2026-03-23,EQ-028,5,36.0,0.2,1.0
2026-03-23,EQ-029,10,64.4,0.7,7.0
2026-03-23,EQ-030,6,37.7,0.167,2.0
2026-03-23,EQ-031,2,69.0,1.0,0.0
2026-03-23,EQ-032,5,54.6,0.6,3.0
2026-03-23,EQ-033,4,62.0,0.75,3.0
2026-03-23,EQ-034,2,70.0,1.0,2.0
2026-03-23,EQ-035,6,66.5,0.833,5.0
2026-03-23,EQ-036,4,49.0,0.5,2.0
2026-03-23,EQ-037,1,81.0,1.0,1.0
2026-03-23,EQ-038,8,57.8,0.625,6.0
2026-03-23,EQ-039,8,37.8,0.5,1.0
2026-03-23,EQ-040,8,42.0,0.5,4.0
2026-03-30,EQ-001,8,41.9,0.375,2.0
2026-03-30,EQ-002,3,40.7,0.333,1.0
2026-03-30,EQ-003,4,62.8,0.75,2.0
2026-03-30,EQ-004,6,62.2,0.667,3.0
2026-03-30,EQ-005,9,72.1,0.889,8.0
2026-03-30,EQ-006,7,36.9,0.429,1.0
2026-03-30,EQ-007,7,80.9,1.0,7.0
2026-03-30,EQ-008,11,65.9,0.727,7.0
2026-03-30,EQ-009,5,32.6,0.2,2.0
2026-03-30,EQ-010,5,49.2,0.6,3.0
2026-03-30,EQ-011,6,32.7,0.333,1.0
2026-03-30,EQ-012,3,13.0,0.0,0.0
2026-03-30,EQ-013,4,54.8,0.5,2.0
2026-03-30,EQ-014,4,60.5,0.75,3.0
2026-03-30,EQ-015,4,53.5,0.75,3.0
2026-03-30,EQ-016,5,51.0,0.6,3.0
2026-03-30,EQ-017,7,57.6,0.714,4.0
2026-03-30,EQ-018,8,34.0,0.25,3.0
2026-03-30,EQ-019,2,88.5,1.0,2.0
2026-03-30,EQ-020,5,65.2,0.8,3.0
2026-03-30,EQ-021,5,77.0,1.0,5.0
2026-03-30,EQ-022,4,20.0,0.0,0.0
2026-03-30,EQ-023,9,49.2,0.556,6.0
2026-03-30,EQ-024,5,51.6,0.6,3.0
2026-03-30,EQ-025,5,79.4,1.0,5.0
2026-03-30,EQ-026,8,27.1,0.25,2.0
2026-03-30,EQ-027,10,57.4,0.6,6.0
2026-03-30,EQ-028,3,62.0,0.667,2.0
2026-03-30,EQ-029,3,15.0,0.0,0.0
2026-03-30,EQ-030,7,33.4,0.143,2.0
2026-03-30,EQ-031,5,61.8,0.8,3.0
2026-03-30,EQ-032,6,77.7,0.833,5.0
2026-03-30,EQ-033,6,71.0,0.833,5.0
2026-03-30,EQ-034,3,47.7,0.667,2.0
2026-03-30,EQ-035,4,46.8,0.5,2.0
2026-03-30,EQ-036,6,24.8,0.167,2.0
2026-03-30,EQ-037,4,63.2,1.0,2.0
2026-03-30,EQ-038,4,62.5,1.0,2.0
2026-03-30,EQ-039,5,57.2,0.6,3.0
2026-03-30,EQ-040,7,11.1,0.0,0.0
2026-04-06,EQ-001,6,41.3,0.333,2.0
2026-04-06,EQ-002,5,30.8,0.2,1.0
2026-04-06,EQ-003,7,57.4,0.714,3.0
2026-04-06,EQ-004,5,57.4,0.6,3.0
2026-04-06,EQ-005,4,40.5,0.5,1.0
2026-04-06,EQ-006,7,46.3,0.571,3.0
2026-04-06,EQ-007,3,57.3,0.667,1.0
2026-04-06,EQ-008,4,21.2,0.0,0.0
2026-04-06,EQ-009,6,47.8,0.5,4.0
2026-04-06,EQ-010,7,58.1,0.714,4.0
2026-04-06,EQ-011,7,51.0,0.714,4.0
2026-04-06,EQ-012,3,55.7,0.667,1.0
2026-04-06,EQ-013,5,58.6,0.6,2.0
2026-04-06,EQ-014,8,54.9,0.625,3.0
2026-04-06,EQ-015,11,44.0,0.455,3.0
2026-04-06,EQ-016,9,60.2,0.667,5.0
2026-04-06,EQ-017,7,59.7,0.714,5.0
2026-04-06,EQ-018,8,66.5,0.875,5.0
2026-04-06,EQ-019,5,59.0,0.6,4.0
2026-04-06,EQ-020,5,33.0,0.2,1.0
2026-04-06,EQ-021,7,73.1,0.857,6.0
2026-04-06,EQ-022,1,59.0,1.0,1.0
2026-04-06,EQ-023,3,53.0,0.667,1.0
2026-04-06,EQ-024,4,18.8,0.0,1.0
2026-04-06,EQ-025,5,26.4,0.2,1.0
2026-04-06,EQ-026,7,48.9,0.571,5.0
2026-04-06,EQ-027,5,33.2,0.4,1.0
2026-04-06,EQ-028,5,76.8,1.0,4.0
2026-04-06,EQ-029,2,90.0,1.0,2.0
2026-04-06,EQ-030,3,44.3,0.333,1.0
2026-04-06,EQ-031,3,29.0,0.333,0.0
2026-04-06,EQ-032,9,34.3,0.333,2.0
2026-04-06,EQ-033,8,72.2,0.875,6.0
2026-04-06,EQ-034,8,55.9,0.625,3.0
2026-04-06,EQ-035,8,35.0,0.25,2.0
2026-04-06,EQ-036,3,74.0,1.0,3.0
2026-04-06,EQ-037,10,84.5,1.0,9.0
2026-04-06,EQ-038,3,77.3,1.0,2.0
2026-04-06,EQ-039,6,43.3,0.333,3.0
2026-04-06,EQ-040,8,40.8,0.375,2.0
2026-04-13,EQ-001,6,29.7,0.167,1.0
2026-04-13,EQ-002,7,43.7,0.429,3.0
2026-04-13,EQ-003,5,31.0,0.2,1.0
2026-04-13,EQ-004,6,36.3,0.5,3.0
2026-04-13,EQ-005,6,65.5,0.833,3.0
2026-04-13,EQ-006,8,44.6,0.5,3.0
2026-04-13,EQ-007,6,58.7,0.833,4.0
2026-04-13,EQ-008,6,55.5,0.5,4.0
2026-04-13,EQ-009,5,64.4,0.6,4.0
2026-04-13,EQ-010,5,33.8,0.4,2.0
2026-04-13,EQ-011,3,45.0,0.667,2.0
2026-04-13,EQ-012,7,51.6,0.571,2.0
2026-04-13,EQ-013,6,74.7,0.833,3.0
2026-04-13,EQ-014,9,37.7,0.333,3.0
2026-04-13,EQ-015,5,43.4,0.6,2.0
2026-04-13,EQ-016,6,36.7,0.333,1.0
2026-04-13,EQ-017,2,60.0,0.5,1.0
2026-04-13,EQ-018,5,51.6,0.6,2.0
2026-04-13,EQ-019,5,55.2,0.8,2.0
2026-04-13,EQ-020,7,47.3,0.429,3.0
2026-04-13,EQ-021,5,60.4,0.8,3.0
2026-04-13,EQ-022,5,34.2,0.4,1.0
2026-04-13,EQ-023,5,51.8,0.6,2.0
2026-04-13,EQ-024,6,79.2,1.0,3.0
2026-04-13,EQ-025,4,63.5,0.75,2.0
2026-04-13,EQ-026,5,55.8,0.6,4.0
2026-04-13,EQ-027,4,47.5,0.5,2.0
2026-04-13,EQ-028,6,54.5,0.5,3.0
2026-04-13,EQ-029,3,39.0,0.667,2.0
2026-04-13,EQ-030,7,51.9,0.571,2.0
2026-04-13,EQ-031,3,48.0,0.667,1.0
2026-04-13,EQ-032,9,38.6,0.444,5.0
2026-04-13,EQ-033,6,57.5,0.5,3.0
2026-04-13,EQ-034,8,50.5,0.625,2.0
2026-04-13,EQ-035,3,73.7,1.0,3.0
2026-04-13,EQ-036,5,32.2,0.4,1.0
2026-04-13,EQ-037,6,60.3,0.667,4.0
2026-04-13,EQ-038,3,63.3,0.667,1.0
2026-04-13,EQ-039,3,79.3,1.0,2.0
2026-04-13,EQ-040,7,39.9,0.286,4.0
2026-04-20,EQ-001,4,12.8,0.0,1.0
2026-04-20,EQ-002,8,44.6,0.5,3.0
2026-04-20,EQ-003,6,61.5,0.833,3.0
2026-04-20,EQ-004,4,59.5,0.75,3.0
2026-04-20,EQ-005,7,23.3,0.286,1.0
2026-04-20,EQ-006,4,37.5,0.5,2.0
2026-04-20,EQ-007,4,69.2,1.0,3.0
2026-04-20,EQ-008,5,28.6,0.2,2.0
2026-04-20,EQ-009,7,45.0,0.429,4.0
2026-04-20,EQ-010,8,41.5,0.5,4.0
2026-04-20,EQ-011,4,19.8,0.25,1.0
2026-04-20,EQ-012,3,52.0,0.667,1.0
2026-04-20,EQ-013,2,64.5,1.0,2.0
2026-04-20,EQ-014,4,35.2,0.5,1.0
2026-04-20,EQ-015,8,52.9,0.625,5.0
2026-04-20,EQ-016,4,45.2,0.5,2.0
2026-04-20,EQ-017,4,74.5,1.0,4.0
2026-04-20,EQ-018,6,59.7,0.833,4.0
2026-04-20,EQ-019,5,31.4,0.4,0.0
2026-04-20,EQ-020,6,19.3,0.0,2.0
2026-04-20,EQ-021,7,59.9,0.714,4.0
2026-04-20,EQ-022,4,44.2,0.5,3.0
2026-04-20,EQ-023,4,67.2,0.75,3.0
2026-04-20,EQ-024,5,28.8,0.2,3.0
2026-04-20,EQ-025,8,30.6,0.375,2.0
2026-04-20,EQ-026,4,20.8,0.25,1.0
2026-04-20,EQ-027,4,42.0,0.5,1.0
2026-04-20,EQ-028,8,45.2,0.5,4.0
2026-04-20,EQ-029,5,51.4,0.6,3.0
2026-04-20,EQ-030,6,42.5,0.333,2.0
2026-04-20,EQ-031,5,51.2,0.6,3.0
2026-04-20,EQ-032,7,51.1,0.714,3.0
2026-04-20,EQ-033,7,59.6,0.714,4.0
2026-04-20,EQ-034,3,21.7,0.0,1.0
2026-04-20,EQ-035,4,34.0,0.25,2.0
2026-04-20,EQ-036,7,33.7,0.286,2.0
2026-04-20,EQ-037,3,48.3,0.667,1.0
2026-04-20,EQ-038,4,36.8,0.25,3.0
2026-04-20,EQ-039,6,53.2,0.5,4.0
2026-04-20,EQ-040,6,50.2,0.667,2.0
2026-04-27,EQ-001,8,54.2,0.625,4.0
2026-04-27,EQ-002,4,61.2,1.0,3.0
2026-04-27,EQ-003,5,38.6,0.4,1.0
2026-04-27,EQ-004,5,53.0,0.6,2.0
2026-04-27,EQ-005,10,41.7,0.5,4.0
2026-04-27,EQ-006,1,70.0,1.0,1.0
2026-04-27,EQ-007,8,37.2,0.375,2.0
2026-04-27,EQ-008,4,24.5,0.0,1.0
2026-04-27,EQ-010,7,12.3,0.0,0.0
2026-04-27,EQ-011,8,72.1,0.875,7.0
2026-04-27,EQ-012,3,51.7,0.667,2.0
2026-04-27,EQ-013,2,7.5,0.0,0.0
2026-04-27,EQ-014,6,22.8,0.167,1.0
2026-04-27,EQ-015,6,42.3,0.5,3.0
2026-04-27,EQ-016,5,22.0,0.0,1.0
2026-04-27,EQ-017,3,11.7,0.0,0.0
2026-04-27,EQ-018,3,56.7,0.667,2.0
2026-04-27,EQ-019,4,17.8,0.0,0.0
2026-04-27,EQ-020,3,60.7,0.667,2.0
2026-04-27,EQ-021,7,61.4,0.714,4.0
2026-04-27,EQ-022,5,64.2,0.8,3.0
2026-04-27,EQ-023,7,45.0,0.571,3.0
2026-04-27,EQ-024,4,41.8,0.25,2.0
2026-04-27,EQ-025,5,57.2,0.6,4.0
2026-04-27,EQ-026,4,34.8,0.25,2.0
2026-04-27,EQ-027,4,52.0,0.5,2.0
2026-04-27,EQ-028,5,62.0,0.8,4.0
2026-04-27,EQ-029,8,37.5,0.375,2.0
2026-04-27,EQ-030,6,53.0,0.667,3.0
2026-04-27,EQ-031,6,56.2,0.833,5.0
2026-04-27,EQ-032,6,10.8,0.0,0.0
2026-04-27,EQ-033,5,46.6,0.6,2.0
2026-04-27,EQ-034,6,32.2,0.333,2.0
2026-04-27,EQ-035,2,11.5,0.0,0.0
2026-04-27,EQ-036,9,39.4,0.444,5.0
2026-04-27,EQ-037,3,29.7,0.333,0.0
2026-04-27,EQ-038,6,33.8,0.333,3.0
2026-04-27,EQ-039,8,35.2,0.5,4.0
2026-04-27,EQ-040,4,47.5,0.5,2.0
2026-05-04,EQ-001,7,41.9,0.429,4.0
2026-05-04,EQ-002,1,26.0,0.0,0.0
2026-05-04,EQ-003,2,48.5,0.5,1.0
2026-05-04,EQ-004,1,38.0,0.0,1.0
2026-05-04,EQ-005,3,64.3,0.667,2.0
2026-05-04,EQ-006,7,21.1,0.0,1.0
2026-05-04,EQ-007,6,38.5,0.333,3.0
2026-05-04,EQ-008,8,57.8,0.625,5.0
2026-05-04,EQ-009,10,26.1,0.2,1.0
2026-05-04,EQ-010,3,11.3,0.0,0.0
2026-05-04,EQ-011,4,22.0,0.0,2.0
2026-05-04,EQ-012,7,21.7,0.143,1.0
2026-05-04,EQ-013,6,39.7,0.5,3.0
2026-05-04,EQ-014,6,38.0,0.333,2.0
2026-05-04,EQ-015,7,62.0,0.714,3.0
2026-05-04,EQ-016,7,25.1,0.143,4.0
2026-05-04,EQ-017,9,19.9,0.111,1.0
2026-05-04,EQ-018,6,25.0,0.167,2.0
2026-05-04,EQ-019,4,43.0,0.25,2.0
2026-05-04,EQ-020,2,8.0,0.0,0.0
2026-05-04,EQ-021,5,42.2,0.6,3.0
2026-05-04,EQ-022,6,36.7,0.5,3.0
2026-05-04,EQ-023,8,46.2,0.5,3.0
2026-05-04,EQ-024,7,34.9,0.143,3.0
2026-05-04,EQ-025,3,31.7,0.333,1.0
2026-05-04,EQ-026,7,44.0,0.429,3.0
2026-05-04,EQ-027,4,50.5,0.5,2.0
2026-05-04,EQ-028,5,27.8,0.2,2.0
2026-05-04,EQ-029,4,37.5,0.25,2.0
2026-05-04,EQ-030,6,56.5,0.5,3.0
2026-05-04,EQ-031,3,38.7,0.333,1.0
2026-05-04,EQ-032,3,13.0,0.0,0.0
2026-05-04,EQ-033,5,28.6,0.2,1.0
2026-05-04,EQ-034,5,27.8,0.2,1.0
2026-05-04,EQ-035,5,24.8,0.2,2.0
2026-05-04,EQ-036,8,38.9,0.5,3.0
2026-05-04,EQ-037,4,55.2,0.5,2.0
2026-05-04,EQ-038,4,24.2,0.25,1.0
2026-05-04,EQ-039,6,53.7,0.5,3.0
2026-05-04,EQ-040,3,35.0,0.333,1.0
2026-05-11,EQ-001,5,21.4,0.0,0.0
2026-05-11,EQ-002,4,13.5,0.0,0.0
2026-05-11,EQ-003,8,17.0,0.125,2.0
2026-05-11,EQ-004,5,31.4,0.2,1.0
2026-05-11,EQ-005,7,39.1,0.429,3.0
2026-05-11,EQ-006,4,30.8,0.25,1.0
2026-05-11,EQ-007,3,28.7,0.333,1.0
2026-05-11,EQ-008,7,21.3,0.0,2.0
2026-05-11,EQ-009,7,30.7,0.143,0.0
2026-05-11,EQ-010,5,43.8,0.6,3.0
2026-05-11,EQ-011,6,20.5,0.167,1.0
2026-05-11,EQ-012,6,22.5,0.0,2.0
2026-05-11,EQ-013,5,41.2,0.4,2.0
2026-05-11,EQ-014,6,49.7,0.667,4.0
2026-05-11,EQ-015,7,61.0,0.714,5.0
2026-05-11,EQ-016,6,10.0,0.0,0.0
2026-05-11,EQ-017,5,11.4,0.0,0.0
2026-05-11,EQ-018,4,29.2,0.25,2.0
2026-05-11,EQ-019,7,53.6,0.714,3.0
2026-05-11,EQ-020,3,32.3,0.333,1.0
2026-05-11,EQ-021,7,42.4,0.571,4.0
2026-05-11,EQ-022,9,14.2,0.0,0.0
2026-05-11,EQ-023,5,15.4,0.0,1.0
2026-05-11,EQ-024,8,38.2,0.375,5.0
2026-05-11,EQ-025,5,33.4,0.4,2.0
2026-05-11,EQ-026,5,33.2,0.2,2.0
2026-05-11,EQ-027,4,28.8,0.25,1.0
2026-05-11,EQ-028,4,28.5,0.25,1.0
2026-05-11,EQ-029,8,36.6,0.25,3.0
2026-05-11,EQ-030,5,55.6,0.8,3.0
2026-05-11,EQ-031,6,12.8,0.0,1.0
2026-05-11,EQ-032,7,51.6,0.571,4.0
2026-05-11,EQ-033,4,27.0,0.25,0.0
2026-05-11,EQ-034,3,11.7,0.0,0.0
2026-05-11,EQ-035,5,12.0,0.0,0.0
2026-05-11,EQ-036,6,21.5,0.0,0.0
2026-05-11,EQ-037,7,49.1,0.429,5.0
2026-05-11,EQ-038,7,10.4,0.0,0.0
2026-05-11,EQ-039,6,34.0,0.333,2.0
2026-05-11,EQ-040,6,58.2,0.833,4.0
2026-05-18,EQ-001,3,9.0,0.0,0.0
2026-05-18,EQ-002,5,9.6,0.0,1.0
2026-05-18,EQ-003,4,8.5,0.0,0.0
2026-05-18,EQ-004,10,55.9,0.6,6.0
2026-05-18,EQ-005,7,28.7,0.143,3.0
2026-05-18,EQ-006,3,16.7,0.0,0.0
2026-05-18,EQ-007,8,46.5,0.5,4.0
2026-05-18,EQ-008,7,24.0,0.286,2.0
2026-05-18,EQ-009,5,12.2,0.0,1.0
2026-05-18,EQ-010,3,4.3,0.0,0.0
2026-05-18,EQ-011,6,11.3,0.0,0.0
2026-05-18,EQ-012,5,17.0,0.2,2.0
2026-05-18,EQ-013,3,14.7,0.0,1.0
2026-05-18,EQ-014,5,13.0,0.0,1.0
2026-05-18,EQ-015,4,4.5,0.0,0.0
2026-05-18,EQ-016,5,58.2,0.8,2.0
2026-05-18,EQ-017,4,8.2,0.0,0.0
2026-05-18,EQ-018,6,8.0,0.0,0.0
2026-05-18,EQ-019,6,13.0,0.0,2.0
2026-05-18,EQ-020,2,12.0,0.0,0.0
2026-05-18,EQ-021,4,57.2,0.75,2.0
2026-05-18,EQ-022,4,8.2,0.0,1.0
2026-05-18,EQ-023,8,20.6,0.25,4.0
2026-05-18,EQ-024,5,28.8,0.4,1.0
2026-05-18,EQ-025,6,10.0,0.0,0.0
2026-05-18,EQ-026,3,7.7,0.0,0.0
2026-05-18,EQ-027,4,17.2,0.0,1.0
2026-05-18,EQ-028,5,17.4,0.2,1.0
2026-05-18,EQ-029,5,23.0,0.0,2.0
2026-05-18,EQ-030,8,67.8,0.75,6.0
2026-05-18,EQ-031,6,14.3,0.0,0.0
2026-05-18,EQ-032,4,30.8,0.25,2.0
2026-05-18,EQ-033,3,47.3,0.667,3.0
2026-05-18,EQ-034,6,26.7,0.333,2.0
2026-05-18,EQ-035,6,14.2,0.0,0.0
2026-05-18,EQ-036,6,12.2,0.0,0.0
2026-05-18,EQ-037,9,33.4,0.222,3.0
2026-05-18,EQ-038,8,11.6,0.0,3.0
2026-05-18,EQ-039,7,8.4,0.0,1.0
2026-05-18,EQ-040,5,46.2,0.4,1.0
2026-05-25,EQ-001,6,4.3,0.0,0.0
2026-05-25,EQ-002,6,5.0,0.0,0.0
2026-05-25,EQ-003,5,10.4,0.0,0.0
2026-05-25,EQ-004,6,41.0,0.5,2.0
2026-05-25,EQ-005,3,24.3,0.0,0.0
2026-05-25,EQ-006,7,11.1,0.0,0.0
2026-05-25,EQ-007,4,41.2,0.5,1.0
2026-05-25,EQ-008,6,5.8,0.0,0.0
2026-05-25,EQ-009,6,7.8,0.0,0.0
2026-05-25,EQ-010,5,7.8,0.0,0.0
2026-05-25,EQ-011,5,6.4,0.0,0.0
2026-05-25,EQ-012,3,17.7,0.0,0.0
2026-05-25,EQ-013,1,9.0,0.0,0.0
2026-05-25,EQ-014,3,9.0,0.0,0.0
2026-05-25,EQ-015,2,11.0,0.0,0.0
2026-05-25,EQ-016,2,49.0,0.5,1.0
2026-05-25,EQ-017,9,12.6,0.0,1.0
2026-05-25,EQ-018,4,5.2,0.0,0.0
2026-05-25,EQ-019,5,6.8,0.0,0.0
2026-05-25,EQ-020,5,8.2,0.0,0.0
2026-05-25,EQ-021,6,54.3,0.5,4.0
2026-05-25,EQ-022,6,4.3,0.0,0.0
2026-05-25,EQ-023,3,19.7,0.0,0.0
2026-05-25,EQ-024,7,44.4,0.429,5.0
2026-05-25,EQ-025,5,13.2,0.0,0.0
2026-05-25,EQ-026,10,23.3,0.1,3.0
2026-05-25,EQ-027,3,14.0,0.0,0.0
2026-05-25,EQ-028,4,6.8,0.0,0.0
2026-05-25,EQ-029,5,19.8,0.0,2.0
2026-05-25,EQ-030,7,66.7,0.857,5.0
2026-05-25,EQ-031,7,13.9,0.0,1.0
2026-05-25,EQ-032,5,7.4,0.0,0.0
2026-05-25,EQ-033,5,51.2,0.8,2.0
2026-05-25,EQ-034,6,29.2,0.333,2.0
2026-05-25,EQ-035,7,12.3,0.0,0.0
2026-05-25,EQ-036,5,13.2,0.0,1.0
2026-05-25,EQ-037,7,30.0,0.286,1.0
2026-05-25,EQ-038,8,9.0,0.0,1.0
2026-05-25,EQ-039,4,6.8,0.0,0.0
2026-05-25,EQ-040,11,68.3,0.818,7.0
2026-06-01,EQ-001,7,5.9,0.0,0.0
2026-06-01,EQ-002,5,10.8,0.0,0.0
2026-06-01,EQ-003,5,8.0,0.0,0.0
2026-06-01,EQ-004,5,44.0,0.4,3.0
2026-06-01,EQ-005,8,13.1,0.0,0.0
2026-06-01,EQ-006,6,17.5,0.167,2.0
2026-06-01,EQ-007,3,73.3,1.0,3.0
2026-06-01,EQ-008,11,6.3,0.0,0.0
2026-06-01,EQ-009,7,14.0,0.0,0.0
2026-06-01,EQ-010,4,10.0,0.0,1.0
2026-06-01,EQ-011,8,39.2,0.375,4.0
2026-06-01,EQ-012,5,15.0,0.0,0.0
2026-06-01,EQ-013,5,11.4,0.0,0.0
2026-06-01,EQ-014,3,12.0,0.0,1.0
2026-06-01,EQ-015,6,7.8,0.0,0.0
2026-06-01,EQ-016,4,61.0,0.75,2.0
2026-06-01,EQ-017,4,35.0,0.5,0.0
2026-06-01,EQ-018,6,13.0,0.0,1.0
2026-06-01,EQ-019,4,9.5,0.0,0.0
2026-06-01,EQ-020,4,10.0,0.0,0.0
2026-06-01,EQ-021,7,49.4,0.429,3.0
2026-06-01,EQ-022,6,4.7,0.0,0.0
2026-06-01,EQ-023,5,19.2,0.0,0.0
2026-06-01,EQ-024,10,62.5,0.7,8.0
2026-06-01,EQ-025,8,8.6,0.0,2.0
2026-06-01,EQ-026,7,14.9,0.0,0.0
2026-06-01,EQ-027,6,31.3,0.5,3.0
2026-06-01,EQ-028,5,6.6,0.0,0.0
2026-06-01,EQ-029,4,17.5,0.0,1.0
2026-06-01,EQ-030,6,42.0,0.5,2.0
2026-06-01,EQ-031,3,14.0,0.0,0.0
2026-06-01,EQ-032,5,14.4,0.0,2.0
2026-06-01,EQ-033,2,46.5,0.5,0.0
2026-06-01,EQ-034,8,11.1,0.0,1.0
2026-06-01,EQ-035,8,10.1,0.0,0.0
2026-06-01,EQ-036,7,5.9,0.0,1.0
2026-06-01,EQ-037,8,33.8,0.5,3.0
2026-06-01,EQ-038,5,10.0,0.0,0.0
2026-06-01,EQ-039,3,10.3,0.0,0.0
2026-06-01,EQ-040,6,50.5,0.5,3.0
2026-06-08,EQ-001,3,9.0,0.0,0.0
2026-06-08,EQ-002,5,7.0,0.0,0.0
2026-06-08,EQ-003,2,14.0,0.0,0.0
2026-06-08,EQ-004,9,60.3,0.667,6.0
2026-06-08,EQ-005,6,8.0,0.0,1.0
2026-06-08,EQ-006,7,17.4,0.143,1.0
2026-06-08,EQ-007,8,55.8,0.5,6.0
2026-06-08,EQ-008,5,8.0,0.0,1.0
2026-06-08,EQ-009,1,10.0,0.0,0.0
2026-06-08,EQ-010,9,9.8,0.0,0.0
2026-06-08,EQ-011,6,19.5,0.167,2.0
2026-06-08,EQ-012,6,14.2,0.0,1.0
2026-06-08,EQ-013,4,8.8,0.0,0.0
2026-06-08,EQ-014,4,28.8,0.25,1.0
2026-06-08,EQ-015,5,13.6,0.0,1.0
2026-06-08,EQ-016,3,55.7,0.667,3.0
2026-06-08,EQ-017,9,22.3,0.222,2.0
2026-06-08,EQ-018,6,13.7,0.0,1.0
2026-06-08,EQ-019,8,7.9,0.0,0.0
2026-06-08,EQ-020,8,22.8,0.125,2.0
2026-06-08,EQ-021,3,56.0,0.667,1.0
2026-06-08,EQ-022,5,5.8,0.0,0.0
2026-06-08,EQ-023,4,19.0,0.0,2.0
2026-06-08,EQ-024,1,31.0,0.0,0.0
2026-06-08,EQ-025,3,22.0,0.0,1.0
2026-06-08,EQ-026,7,8.1,0.0,0.0
2026-06-08,EQ-027,7,49.1,0.714,4.0
2026-06-08,EQ-028,10,15.2,0.1,3.0
2026-06-08,EQ-029,4,13.2,0.0,1.0
2026-06-08,EQ-030,8,30.0,0.25,2.0
2026-06-08,EQ-031,6,11.3,0.0,1.0
2026-06-08,EQ-032,5,9.2,0.0,0.0
2026-06-08,EQ-033,8,56.2,0.75,7.0
2026-06-08,EQ-034,4,13.8,0.0,1.0
2026-06-08,EQ-035,3,11.0,0.0,0.0
2026-06-08,EQ-036,10,10.2,0.0,1.0
2026-06-08,EQ-037,9,22.9,0.0,3.0
2026-06-08,EQ-038,8,7.9,0.0,2.0
2026-06-08,EQ-039,4,16.5,0.0,1.0
2026-06-08,EQ-040,2,78.0,1.0,2.0
2026-06-15,EQ-001,4,8.8,0.0,0.0
2026-06-15,EQ-002,4,7.0,0.0,0.0
2026-06-15,EQ-003,4,7.2,0.0,0.0
2026-06-15,EQ-004,7,48.1,0.571,3.0
2026-06-15,EQ-005,7,4.0,0.0,0.0
2026-06-15,EQ-006,7,11.7,0.0,1.0
2026-06-15,EQ-007,6,35.0,0.167,2.0
2026-06-15,EQ-008,6,5.7,0.0,0.0
2026-06-15,EQ-009,5,22.0,0.2,1.0
2026-06-15,EQ-010,8,13.9,0.0,3.0
2026-06-15,EQ-011,8,16.0,0.0,0.0
2026-06-15,EQ-012,8,10.5,0.0,2.0
2026-06-15,EQ-013,5,7.2,0.0,0.0
2026-06-15,EQ-014,7,10.9,0.0,1.0
2026-06-15,EQ-015,4,10.2,0.0,0.0
2026-06-15,EQ-016,7,60.1,0.571,4.0
2026-06-15,EQ-017,1,4.0,0.0,0.0
2026-06-15,EQ-018,6,19.8,0.167,1.0
2026-06-15,EQ-019,9,8.3,0.0,0.0
2026-06-15,EQ-020,6,9.2,0.0,1.0
2026-06-15,EQ-021,7,76.9,0.714,7.0
2026-06-15,EQ-022,7,6.6,0.0,0.0
2026-06-15,EQ-023,5,18.8,0.0,1.0
2026-06-15,EQ-024,6,41.3,0.333,3.0
2026-06-15,EQ-025,3,4.0,0.0,0.0
2026-06-15,EQ-026,2,19.5,0.0,0.0
2026-06-15,EQ-027,10,46.5,0.7,4.0
2026-06-15,EQ-028,8,11.1,0.0,0.0
2026-06-15,EQ-029,2,12.5,0.0,0.0
2026-06-15,EQ-030,6,21.8,0.167,1.0
2026-06-15,EQ-031,2,11.5,0.0,0.0
2026-06-15,EQ-032,6,9.5,0.0,1.0
2026-06-15,EQ-033,1,17.0,0.0,0.0
2026-06-15,EQ-034,3,6.0,0.0,0.0
2026-06-15,EQ-035,3,7.3,0.0,0.0
2026-06-15,EQ-036,6,5.5,0.0,0.0
2026-06-15,EQ-037,5,24.4,0.2,1.0
2026-06-15,EQ-038,6,9.3,0.0,0.0
2026-06-15,EQ-039,6,8.0,0.0,0.0
2026-06-15,EQ-040,4,50.5,0.5,2.0
2026-06-22,EQ-001,3,6.7,0.0,0.0
2026-06-22,EQ-002,5,17.0,0.0,0.0
2026-06-22,EQ-003,6,9.2,0.0,0.0
2026-06-22,EQ-004,6,55.5,0.5,5.0
2026-06-22,EQ-005,5,5.4,0.0,0.0
2026-06-22,EQ-006,4,13.2,0.0,1.0
2026-06-22,EQ-007,6,56.7,0.667,4.0
2026-06-22,EQ-008,9,6.8,0.0,0.0
2026-06-22,EQ-009,4,14.5,0.0,0.0
2026-06-22,EQ-010,3,13.0,0.0,1.0
2026-06-22,EQ-011,8,24.4,0.125,3.0
2026-06-22,EQ-012,6,10.5,0.0,0.0
2026-06-22,EQ-013,8,8.4,0.0,0.0
2026-06-22,EQ-014,7,11.9,0.0,0.0
2026-06-22,EQ-015,8,12.2,0.0,2.0
2026-06-22,EQ-016,11,56.8,0.727,6.0
2026-06-22,EQ-017,3,4.3,0.0,0.0
2026-06-22,EQ-018,5,10.8,0.0,1.0
2026-06-22,EQ-019,3,14.0,0.0,1.0
2026-06-22,EQ-020,4,6.5,0.0,0.0
2026-06-22,EQ-021,2,47.0,0.5,0.0
2026-06-22,EQ-022,7,7.3,0.0,0.0
2026-06-22,EQ-023,4,7.5,0.0,0.0
2026-06-22,EQ-024,9,38.6,0.444,2.0
2026-06-22,EQ-025,5,31.8,0.2,1.0
2026-06-22,EQ-026,4,9.5,0.0,0.0
2026-06-22,EQ-027,6,36.2,0.5,2.0
2026-06-22,EQ-028,4,9.5,0.0,0.0
2026-06-22,EQ-029,10,10.1,0.0,1.0
2026-06-22,EQ-030,7,62.3,0.714,5.0
2026-06-22,EQ-031,5,6.2,0.0,0.0
2026-06-22,EQ-032,10,4.5,0.0,1.0
2026-06-22,EQ-033,4,16.5,0.0,0.0
2026-06-22,EQ-034,7,9.1,0.0,0.0
2026-06-22,EQ-035,6,8.8,0.0,0.0
2026-06-22,EQ-036,4,10.5,0.0,1.0
2026-06-22,EQ-037,7,37.6,0.286,1.0
2026-06-22,EQ-038,3,10.0,0.0,0.0
2026-06-22,EQ-039,7,11.6,0.0,1.0
2026-06-22,EQ-040,6,48.2,0.5,2.0
2026-06-29,EQ-001,6,10.7,0.0,0.0
2026-06-29,EQ-002,7,14.4,0.0,0.0
2026-06-29,EQ-003,4,5.5,0.0,0.0
2026-06-29,EQ-004,2,68.5,1.0,2.0
2026-06-29,EQ-005,7,11.1,0.0,2.0
2026-06-29,EQ-006,5,26.4,0.2,2.0
2026-06-29,EQ-007,6,34.8,0.333,2.0
2026-06-29,EQ-008,4,7.2,0.0,0.0
2026-06-29,EQ-009,8,14.8,0.125,1.0
2026-06-29,EQ-010,2,45.0,0.5,1.0
2026-06-29,EQ-011,10,5.5,0.0,3.0
2026-06-29,EQ-012,5,8.6,0.0,0.0
2026-06-29,EQ-013,6,10.2,0.0,1.0
2026-06-29,EQ-014,3,13.0,0.0,0.0
2026-06-29,EQ-015,6,13.2,0.0,0.0
2026-06-29,EQ-016,9,46.8,0.444,4.0
2026-06-29,EQ-017,9,6.3,0.0,0.0
2026-06-29,EQ-018,5,7.8,0.0,2.0
2026-06-29,EQ-019,3,15.7,0.0,0.0
2026-06-29,EQ-020,4,9.5,0.0,1.0
2026-06-29,EQ-021,3,20.3,0.0,1.0
2026-06-29,EQ-022,10,8.9,0.0,1.0
2026-06-29,EQ-023,10,10.8,0.0,0.0
2026-06-29,EQ-024,5,62.2,0.8,3.0
2026-06-29,EQ-025,8,10.4,0.0,0.0
2026-06-29,EQ-026,7,9.1,0.0,0.0
2026-06-29,EQ-027,2,23.0,0.0,0.0
2026-06-29,EQ-028,5,13.2,0.0,0.0
2026-06-29,EQ-029,4,7.5,0.0,1.0
2026-06-29,EQ-030,6,60.0,0.667,4.0
2026-06-29,EQ-031,5,6.0,0.0,1.0
2026-06-29,EQ-032,6,8.0,0.0,0.0
2026-06-29,EQ-033,6,11.2,0.0,0.0
2026-06-29,EQ-034,5,9.0,0.0,1.0
2026-06-29,EQ-035,5,7.2,0.0,0.0
2026-06-29,EQ-036,5,9.0,0.0,0.0
2026-06-29,EQ-037,7,32.9,0.429,2.0
2026-06-29,EQ-038,6,10.8,0.0,1.0
2026-06-29,EQ-039,9,11.2,0.0,0.0
2026-06-29,EQ-040,6,37.2,0.333,2.0
2026-07-06,EQ-001,10,10.2,0.0,1.0
2026-07-06,EQ-002,5,11.6,0.0,1.0
2026-07-06,EQ-003,5,11.2,0.0,0.0
2026-07-06,EQ-004,5,57.4,0.6,2.0
2026-07-06,EQ-005,7,11.0,0.0,1.0
2026-07-06,EQ-006,5,8.2,0.0,0.0
2026-07-06,EQ-007,6,40.0,0.333,3.0
2026-07-06,EQ-008,5,7.6,0.0,0.0
2026-07-06,EQ-009,6,6.8,0.0,0.0
2026-07-06,EQ-010,1,14.0,0.0,0.0
2026-07-06,EQ-011,3,5.7,0.0,1.0
2026-07-06,EQ-012,6,10.2,0.0,1.0
2026-07-06,EQ-013,7,17.1,0.0,3.0
2026-07-06,EQ-014,1,11.0,0.0,0.0
2026-07-06,EQ-015,4,13.8,0.0,1.0
2026-07-06,EQ-016,6,61.0,0.667,3.0
2026-07-06,EQ-017,9,12.0,0.0,2.0
2026-07-06,EQ-018,6,7.8,0.0,0.0
2026-07-06,EQ-019,4,10.8,0.0,0.0
2026-07-06,EQ-020,8,9.9,0.0,1.0
2026-07-06,EQ-021,3,63.3,0.667,2.0
2026-07-06,EQ-022,4,12.2,0.0,1.0
2026-07-06,EQ-023,8,13.2,0.0,2.0
2026-07-06,EQ-024,9,54.3,0.556,5.0
2026-07-06,EQ-025,2,4.0,0.0,0.0
2026-07-06,EQ-026,8,19.5,0.0,5.0
2026-07-06,EQ-027,5,36.8,0.4,1.0
2026-07-06,EQ-028,3,24.7,0.0,0.0
2026-07-06,EQ-029,5,9.4,0.0,0.0
2026-07-06,EQ-030,5,48.8,0.4,2.0
2026-07-06,EQ-031,8,5.5,0.0,1.0
2026-07-06,EQ-032,4,11.5,0.0,1.0
2026-07-06,EQ-033,8,19.9,0.125,1.0
2026-07-06,EQ-034,6,12.8,0.0,1.0
2026-07-06,EQ-035,2,10.5,0.0,0.0
2026-07-06,EQ-036,6,12.3,0.0,1.0
2026-07-06,EQ-037,7,44.0,0.571,7.0
2026-07-06,EQ-038,3,30.3,0.333,1.0
2026-07-06,EQ-039,4,7.2,0.0,0.0
2026-07-06,EQ-040,3,22.3,0.0,0.0
2026-07-13,EQ-001,5,12.8,0.0,0.0
2026-07-13,EQ-002,4,6.8,0.0,1.0
2026-07-13,EQ-003,3,9.7,0.0,0.0
2026-07-13,EQ-004,6,69.8,0.833,2.0
2026-07-13,EQ-005,4,11.8,0.0,1.0
2026-07-13,EQ-006,2,16.0,0.0,0.0
2026-07-13,EQ-007,2,76.5,1.0,2.0
2026-07-13,EQ-008,8,8.0,0.0,2.0
2026-07-13,EQ-009,5,8.2,0.0,0.0
2026-07-13,EQ-010,8,16.6,0.125,1.0
2026-07-13,EQ-011,6,8.0,0.0,0.0
2026-07-13,EQ-012,8,7.0,0.0,0.0
2026-07-13,EQ-013,5,7.8,0.0,0.0
2026-07-13,EQ-014,6,11.2,0.0,0.0
2026-07-13,EQ-015,4,2.0,0.0,0.0
2026-07-13,EQ-016,4,82.8,1.0,4.0
2026-07-13,EQ-017,5,9.6,0.0,0.0
2026-07-13,EQ-018,6,12.7,0.0,0.0
2026-07-13,EQ-019,6,9.5,0.0,0.0
2026-07-13,EQ-020,6,4.3,0.0,1.0
2026-07-13,EQ-021,5,55.8,0.8,3.0
2026-07-13,EQ-022,6,11.0,0.0,0.0
2026-07-13,EQ-023,2,12.5,0.0,0.0
2026-07-13,EQ-024,8,55.5,0.625,4.0
2026-07-13,EQ-025,9,8.1,0.0,0.0
2026-07-13,EQ-026,4,14.2,0.0,1.0
2026-07-13,EQ-027,4,41.5,0.5,2.0
2026-07-13,EQ-028,2,19.5,0.0,0.0
2026-07-13,EQ-029,6,9.5,0.0,1.0
2026-07-13,EQ-030,4,25.5,0.0,4.0
2026-07-13,EQ-031,9,25.9,0.222,1.0
2026-07-13,EQ-032,7,8.4,0.0,0.0
2026-07-13,EQ-033,3,19.0,0.333,0.0
2026-07-13,EQ-034,5,13.4,0.0,4.0
2026-07-13,EQ-035,2,12.5,0.0,0.0
2026-07-13,EQ-036,7,17.9,0.0,0.0
2026-07-13,EQ-037,6,48.0,0.667,4.0
2026-07-13,EQ-038,5,13.2,0.0,0.0
2026-07-13,EQ-039,3,3.0,0.0,0.0
2026-07-13,EQ-040,6,46.2,0.5,2.0
2026-07-20,EQ-001,3,7.0,0.0,0.0
2026-07-20,EQ-002,7,13.6,0.0,0.0
2026-07-20,EQ-003,6,6.3,0.0,0.0
2026-07-20,EQ-004,3,37.7,0.333,1.0
2026-07-20,EQ-005,4,3.2,0.0,0.0
2026-07-20,EQ-006,6,7.2,0.0,0.0
2026-07-20,EQ-007,1,31.0,0.0,0.0
2026-07-20,EQ-008,1,4.0,0.0,0.0
2026-07-20,EQ-009,5,12.0,0.0,1.0
2026-07-20,EQ-010,2,20.0,0.0,0.0
2026-07-20,EQ-011,1,19.0,0.0,0.0
2026-07-20,EQ-012,7,14.6,0.0,0.0
2026-07-20,EQ-013,3,14.0,0.0,0.0
2026-07-20,EQ-014,6,6.5,0.0,0.0
2026-07-20,EQ-015,3,9.0,0.0,0.0
2026-07-20,EQ-016,5,36.4,0.4,2.0
2026-07-20,EQ-017,4,12.0,0.0,1.0
2026-07-20,EQ-018,6,10.2,0.0,2.0
2026-07-20,EQ-019,5,8.4,0.0,0.0
2026-07-20,EQ-020,2,12.0,0.0,0.0
2026-07-20,EQ-021,4,75.2,1.0,3.0
2026-07-20,EQ-022,6,18.0,0.0,1.0
2026-07-20,EQ-023,8,15.9,0.125,2.0
2026-07-20,EQ-024,3,30.7,0.333,0.0
2026-07-20,EQ-025,6,8.7,0.0,1.0
2026-07-20,EQ-026,8,14.6,0.0,3.0
2026-07-20,EQ-027,8,37.1,0.625,4.0
2026-07-20,EQ-028,6,22.7,0.0,2.0
2026-07-20,EQ-029,8,19.2,0.0,3.0
2026-07-20,EQ-030,9,55.9,0.444,5.0
2026-07-20,EQ-031,7,14.6,0.143,1.0
2026-07-20,EQ-032,6,25.7,0.167,2.0
2026-07-20,EQ-033,8,27.5,0.375,1.0
2026-07-20,EQ-034,4,12.5,0.0,0.0
2026-07-20,EQ-035,3,8.3,0.0,0.0
2026-07-20,EQ-036,9,14.8,0.0,2.0
2026-07-20,EQ-037,2,53.5,0.5,0.0
2026-07-20,EQ-038,3,9.0,0.0,1.0
2026-07-20,EQ-039,5,11.0,0.0,0.0
2026-07-20,EQ-040,3,57.7,0.667,2.0
2026-07-27,EQ-001,5,9.0,0.0,1.0
2026-07-27,EQ-002,5,21.4,0.2,0.0
2026-07-27,EQ-003,7,5.3,0.0,0.0
2026-07-27,EQ-004,6,62.8,0.833,2.0
2026-07-27,EQ-005,4,8.5,0.0,0.0
2026-07-27,EQ-006,3,9.7,0.0,0.0
2026-07-27,EQ-007,5,62.4,0.8,3.0
2026-07-27,EQ-008,1,5.0,0.0,0.0
2026-07-27,EQ-009,9,20.3,0.111,3.0
2026-07-27,EQ-010,2,5.0,0.0,0.0
2026-07-27,EQ-011,1,5.0,0.0,0.0
2026-07-27,EQ-012,5,8.2,0.0,0.0
2026-07-27,EQ-014,8,9.1,0.0,0.0
2026-07-27,EQ-015,6,16.3,0.167,0.0
2026-07-27,EQ-016,3,53.7,0.667,2.0
2026-07-27,EQ-017,6,9.8,0.0,0.0
2026-07-27,EQ-018,1,16.0,0.0,0.0
2026-07-27,EQ-019,5,8.0,0.0,0.0
2026-07-27,EQ-020,7,3.9,0.0,0.0
2026-07-27,EQ-021,10,70.0,0.9,7.0
2026-07-27,EQ-022,3,18.3,0.0,1.0
2026-07-27,EQ-023,6,8.5,0.0,0.0
2026-07-27,EQ-024,5,51.0,0.6,3.0
2026-07-27,EQ-025,6,9.0,0.0,0.0
2026-07-27,EQ-026,7,8.6,0.0,0.0
2026-07-27,EQ-027,5,44.0,0.6,1.0
2026-07-27,EQ-028,3,19.3,0.0,0.0
2026-07-27,EQ-029,8,18.8,0.125,1.0
2026-07-27,EQ-030,6,76.3,0.833,3.0
2026-07-27,EQ-031,6,13.3,0.0,0.0
2026-07-27,EQ-032,9,8.9,0.0,0.0
2026-07-27,EQ-033,7,26.0,0.143,3.0
2026-07-27,EQ-034,9,9.7,0.0,1.0
2026-07-27,EQ-035,6,7.0,0.0,0.0
2026-07-27,EQ-036,8,15.4,0.125,3.0
2026-07-27,EQ-037,7,46.3,0.714,4.0
2026-07-27,EQ-038,4,12.2,0.0,0.0
2026-07-27,EQ-039,1,10.0,0.0,0.0
2026-07-27,EQ-040,4,20.8,0.0,0.0
2026-08-03,EQ-001,5,7.4,0.0,0.0
2026-08-03,EQ-002,6,6.8,0.0,0.0
2026-08-03,EQ-003,7,8.6,0.0,0.0
2026-08-03,EQ-004,2,15.5,0.0,0.0
2026-08-03,EQ-005,7,4.9,0.0,1.0
2026-08-03,EQ-006,9,8.2,0.0,1.0
2026-08-03,EQ-007,5,60.6,0.8,4.0
2026-08-03,EQ-008,6,16.0,0.0,1.0
2026-08-03,EQ-009,4,7.0,0.0,0.0
2026-08-03,EQ-010,4,5.5,0.0,0.0
2026-08-03,EQ-011,6,9.3,0.0,1.0
2026-08-03,EQ-012,7,15.0,0.143,1.0
2026-08-03,EQ-013,8,22.9,0.125,1.0
2026-08-03,EQ-014,3,9.7,0.0,0.0
2026-08-03,EQ-015,7,14.7,0.0,2.0
2026-08-03,EQ-016,5,40.6,0.4,2.0
2026-08-03,EQ-017,7,8.6,0.0,2.0
2026-08-03,EQ-018,8,14.1,0.0,3.0
2026-08-03,EQ-019,6,6.5,0.0,0.0
2026-08-03,EQ-020,8,5.5,0.0,2.0
2026-08-03,EQ-021,6,73.7,0.833,5.0
2026-08-03,EQ-022,8,19.5,0.125,1.0
2026-08-03,EQ-023,5,4.0,0.0,0.0
2026-08-03,EQ-024,8,48.5,0.5,4.0
2026-08-03,EQ-025,3,13.0,0.0,0.0
2026-08-03,EQ-026,9,6.1,0.0,1.0
2026-08-03,EQ-027,2,18.0,0.0,1.0
2026-08-03,EQ-028,7,19.1,0.0,1.0
2026-08-03,EQ-029,5,17.0,0.0,0.0
2026-08-03,EQ-030,5,39.6,0.4,1.0
2026-08-03,EQ-031,7,9.6,0.0,0.0
2026-08-03,EQ-032,3,10.3,0.0,0.0
2026-08-03,EQ-033,6,25.7,0.167,0.0
2026-08-03,EQ-034,7,9.1,0.0,0.0
2026-08-03,EQ-035,7,15.6,0.143,1.0
2026-08-03,EQ-036,7,8.4,0.0,0.0
2026-08-03,EQ-037,6,42.3,0.5,3.0
2026-08-03,EQ-038,4,5.2,0.0,0.0
2026-08-03,EQ-039,5,22.2,0.0,1.0
2026-08-03,EQ-040,6,66.5,0.667,3.0
2026-08-10,EQ-001,5,6.6,0.0,0.0
2026-08-10,EQ-002,2,11.5,0.0,1.0
2026-08-10,EQ-003,8,4.8,0.0,0.0
2026-08-10,EQ-004,6,60.2,0.833,5.0
2026-08-10,EQ-005,4,6.2,0.0,0.0
2026-08-10,EQ-006,5,11.2,0.0,1.0
2026-08-10,EQ-007,4,50.8,0.5,2.0
2026-08-10,EQ-008,8,12.0,0.0,2.0
2026-08-10,EQ-009,3,5.3,0.0,0.0
2026-08-10,EQ-010,8,19.8,0.125,1.0
2026-08-10,EQ-011,4,10.2,0.0,0.0
2026-08-10,EQ-012,5,6.0,0.0,0.0
2026-08-10,EQ-013,6,15.7,0.0,0.0
2026-08-10,EQ-014,7,6.0,0.0,0.0
2026-08-10,EQ-015,5,10.6,0.0,0.0
2026-08-10,EQ-016,7,49.0,0.571,3.0
2026-08-10,EQ-017,5,4.4,0.0,0.0
2026-08-10,EQ-018,8,6.8,0.0,0.0
2026-08-10,EQ-019,4,6.2,0.0,1.0
2026-08-10,EQ-020,4,6.5,0.0,0.0
2026-08-10,EQ-021,3,68.3,0.667,2.0
2026-08-10,EQ-022,5,6.2,0.0,0.0
2026-08-10,EQ-023,8,7.2,0.0,0.0
2026-08-10,EQ-024,7,48.6,0.429,4.0
2026-08-10,EQ-025,4,5.2,0.0,1.0
2026-08-10,EQ-026,8,6.8,0.0,0.0
2026-08-10,EQ-027,8,30.8,0.125,2.0
2026-08-10,EQ-028,7,13.7,0.0,2.0
2026-08-10,EQ-029,9,15.9,0.111,1.0
2026-08-10,EQ-030,7,48.3,0.571,4.0
2026-08-10,EQ-031,9,28.3,0.222,3.0
2026-08-10,EQ-032,8,7.4,0.0,1.0
2026-08-10,EQ-033,7,31.7,0.429,2.0
2026-08-10,EQ-034,5,20.4,0.2,0.0
2026-08-10,EQ-035,5,6.8,0.0,1.0
2026-08-10,EQ-036,5,8.2,0.0,0.0
2026-08-10,EQ-037,5,46.4,0.6,3.0
2026-08-10,EQ-038,3,7.3,0.0,0.0
2026-08-10,EQ-039,1,3.0,0.0,0.0
2026-08-10,EQ-040,4,50.5,0.5,1.0
2026-08-17,EQ-001,4,7.5,0.0,0.0
2026-08-17,EQ-002,1,19.0,0.0,1.0
2026-08-17,EQ-003,6,4.8,0.0,0.0
2026-08-17,EQ-004,2,62.5,0.5,1.0
2026-08-17,EQ-005,7,20.1,0.143,1.0
2026-08-17,EQ-006,8,26.1,0.25,2.0
2026-08-17,EQ-007,2,7.0,0.0,0.0
2026-08-17,EQ-008,3,18.7,0.0,2.0
2026-08-17,EQ-009,5,26.8,0.2,1.0
2026-08-17,EQ-010,2,9.0,0.0,0.0
2026-08-17,EQ-011,6,12.8,0.0,1.0
2026-08-17,EQ-012,3,8.0,0.0,0.0
2026-08-17,EQ-013,10,15.1,0.0,2.0
2026-08-17,EQ-014,6,10.8,0.0,0.0
2026-08-17,EQ-015,10,10.3,0.0,1.0
2026-08-17,EQ-016,4,61.8,0.75,3.0
2026-08-17,EQ-017,7,6.7,0.0,0.0
2026-08-17,EQ-018,8,16.9,0.0,0.0
2026-08-17,EQ-019,9,7.7,0.0,0.0
2026-08-17,EQ-020,8,5.1,0.0,0.0
2026-08-17,EQ-021,4,40.0,0.5,2.0
2026-08-17,EQ-022,3,6.7,0.0,0.0
2026-08-17,EQ-023,3,6.7,0.0,0.0
2026-08-17,EQ-024,6,55.0,0.667,4.0
2026-08-17,EQ-025,7,5.0,0.0,0.0
2026-08-17,EQ-026,4,7.8,0.0,0.0
2026-08-17,EQ-027,7,14.9,0.0,1.0
2026-08-17,EQ-028,2,32.5,0.0,1.0
2026-08-17,EQ-029,6,9.0,0.0,0.0
2026-08-17,EQ-030,4,76.5,1.0,4.0
2026-08-17,EQ-031,2,13.5,0.0,0.0
2026-08-17,EQ-032,9,7.9,0.0,0.0
2026-08-17,EQ-033,3,22.7,0.0,1.0
2026-08-17,EQ-034,5,7.6,0.0,1.0
2026-08-17,EQ-035,3,7.3,0.0,0.0
2026-08-17,EQ-036,4,5.2,0.0,0.0
2026-08-17,EQ-037,3,44.7,0.667,2.0
2026-08-17,EQ-038,6,5.7,0.0,0.0
2026-08-17,EQ-039,11,10.6,0.091,1.0
2026-08-17,EQ-040,4,64.2,0.75,3.0
2026-08-24,EQ-001,5,4.4,0.0,0.0
2026-08-24,EQ-002,3,13.3,0.0,0.0
2026-08-24,EQ-003,4,8.0,0.0,0.0
2026-08-24,EQ-004,2,36.0,0.5,1.0
2026-08-24,EQ-005,5,7.0,0.0,0.0
2026-08-24,EQ-006,6,11.5,0.0,1.0
2026-08-24,EQ-007,4,75.8,0.75,3.0
2026-08-24,EQ-008,7,11.7,0.0,1.0
2026-08-24,EQ-009,1,10.0,0.0,0.0
2026-08-24,EQ-010,9,14.0,0.0,0.0
2026-08-24,EQ-011,7,10.4,0.0,0.0
2026-08-24,EQ-012,3,6.3,0.0,0.0
2026-08-24,EQ-013,8,12.5,0.0,0.0
2026-08-24,EQ-014,7,10.6,0.0,0.0
2026-08-24,EQ-015,7,22.1,0.143,1.0
2026-08-24,EQ-016,6,25.0,0.167,1.0
2026-08-24,EQ-017,4,5.8,0.0,1.0
2026-08-24,EQ-018,5,8.2,0.0,1.0
2026-08-24,EQ-019,5,5.0,0.0,0.0
2026-08-24,EQ-020,9,8.1,0.0,1.0
2026-08-24,EQ-021,7,66.9,0.714,6.0
2026-08-24,EQ-022,6,9.0,0.0,0.0
2026-08-24,EQ-023,2,6.5,0.0,0.0
2026-08-24,EQ-024,3,34.3,0.333,2.0
2026-08-24,EQ-025,3,14.3,0.0,1.0
2026-08-24,EQ-026,5,15.2,0.0,1.0
2026-08-24,EQ-027,11,21.1,0.0,0.0
2026-08-24,EQ-028,4,21.5,0.0,1.0
2026-08-24,EQ-029,7,14.6,0.0,3.0
2026-08-24,EQ-030,5,75.2,0.8,4.0
2026-08-24,EQ-031,3,8.7,0.0,0.0
2026-08-24,EQ-032,4,14.2,0.0,1.0
2026-08-24,EQ-033,6,37.7,0.167,1.0
2026-08-24,EQ-034,5,11.2,0.0,0.0
2026-08-24,EQ-035,7,7.9,0.0,1.0
2026-08-24,EQ-036,4,14.5,0.0,0.0
2026-08-24,EQ-037,7,55.1,0.857,6.0
2026-08-24,EQ-038,6,12.2,0.0,1.0
2026-08-24,EQ-039,8,11.4,0.0,0.0
2026-08-24,EQ-040,4,69.5,0.75,4.0
2026-08-31,EQ-002,1,9.0,0.0,0.0
2026-08-31,EQ-006,1,7.0,0.0,0.0
2026-08-31,EQ-008,2,23.0,0.0,0.0
2026-08-31,EQ-010,2,4.0,0.0,0.0
2026-08-31,EQ-011,1,11.0,0.0,0.0
2026-08-31,EQ-013,1,4.0,0.0,0.0
2026-08-31,EQ-014,1,7.0,0.0,0.0
2026-08-31,EQ-016,1,60.0,1.0,1.0
2026-08-31,EQ-018,2,5.0,0.0,1.0
2026-08-31,EQ-020,1,5.0,0.0,0.0
2026-08-31,EQ-023,1,19.0,0.0,0.0
2026-08-31,EQ-027,2,29.5,0.0,1.0
2026-08-31,EQ-029,1,4.0,0.0,0.0
2026-08-31,EQ-030,1,21.0,0.0,1.0
2026-08-31,EQ-033,1,78.0,1.0,1.0
2026-08-31,EQ-034,1,6.0,0.0,0.0
2026-08-31,EQ-035,2,4.0,0.0,0.0
2026-08-31,EQ-038,2,6.5,0.0,0.0
2026-08-31,EQ-039,1,17.0,0.0,0.0
2026-08-31,EQ-040,2,41.0,0.5,1.0
