periodo,regiao_nome,leituras,score_medio,pct_alto_critico,sinistros_reais
2026-02-23,Barreiras,7,56.3,0.714,4.0
2026-02-23,Cascavel,2,48.5,0.5,1.0
2026-02-23,Lucas do Rio Verde,5,41.4,0.4,3.0
2026-02-23,Não-Me-Toque,3,30.0,0.667,1.0
2026-02-23,Rio Verde,4,32.2,0.5,0.0
2026-02-23,Sorriso,8,42.2,0.5,4.0
2026-03-02,Barreiras,31,58.7,0.742,20.0
2026-03-02,Cascavel,26,50.6,0.538,15.0
2026-03-02,Lucas do Rio Verde,39,61.7,0.692,26.0
2026-03-02,Não-Me-Toque,16,43.4,0.5,8.0
2026-03-02,Rio Verde,36,54.3,0.611,18.0
2026-03-02,Sorriso,51,61.4,0.686,31.0
2026-03-09,Barreiras,28,57.2,0.643,16.0
2026-03-09,Cascavel,27,36.3,0.481,7.0
2026-03-09,Lucas do Rio Verde,40,51.2,0.575,22.0
2026-03-09,Não-Me-Toque,12,69.6,0.75,8.0
2026-03-09,Rio Verde,52,38.3,0.404,18.0
2026-03-09,Sorriso,59,52.6,0.593,33.0
2026-03-16,Barreiras,35,65.9,0.743,27.0
2026-03-16,Cascavel,28,28.1,0.25,7.0
2026-03-16,Lucas do Rio Verde,36,52.9,0.556,18.0
2026-03-16,Não-Me-Toque,13,52.5,0.538,7.0
2026-03-16,Rio Verde,53,51.3,0.585,23.0
2026-03-16,Sorriso,72,37.3,0.403,31.0
2026-03-23,Barreiras,46,61.5,0.739,32.0
2026-03-23,Cascavel,27,20.9,0.111,6.0
2026-03-23,Lucas do Rio Verde,39,54.7,0.615,23.0
2026-03-23,Não-Me-Toque,15,35.9,0.333,5.0
2026-03-23,Rio Verde,42,60.7,0.643,25.0
2026-03-23,Sorriso,59,53.6,0.61,30.0
2026-03-30,Barreiras,51,57.6,0.627,29.0
2026-03-30,Cascavel,28,64.5,0.786,21.0
2026-03-30,Lucas do Rio Verde,39,51.9,0.564,22.0
2026-03-30,Não-Me-Toque,13,16.8,0.0,1.0
2026-03-30,Rio Verde,35,36.6,0.371,12.0
2026-03-30,Sorriso,56,55.9,0.661,32.0
2026-04-06,Barreiras,37,39.1,0.378,12.0
2026-04-06,Cascavel,28,56.8,0.607,15.0
2026-04-06,Lucas do Rio Verde,47,54.3,0.596,25.0
2026-04-06,Não-Me-Toque,8,36.4,0.375,2.0
2026-04-06,Rio Verde,32,58.7,0.688,17.0
2026-04-06,Sorriso,78,53.7,0.615,39.0
2026-04-13,Barreiras,35,54.3,0.6,19.0
2026-04-13,Cascavel,30,55.9,0.7,14.0
2026-04-13,Lucas do Rio Verde,31,56.8,0.613,17.0
2026-04-13,Não-Me-Toque,16,32.6,0.312,3.0
2026-04-13,Rio Verde,40,46.9,0.55,14.0
2026-04-13,Sorriso,66,48.2,0.515,32.0
2026-04-20,Barreiras,41,27.0,0.268,13.0
2026-04-20,Cascavel,22,52.4,0.636,14.0
2026-04-20,Lucas do Rio Verde,30,64.0,0.767,19.0
2026-04-20,Não-Me-Toque,12,43.9,0.5,3.0
2026-04-20,Rio Verde,44,44.6,0.477,23.0
2026-04-20,Sorriso,61,41.4,0.492,27.0
2026-04-27,Barreiras,33,54.8,0.576,20.0
2026-04-27,Cascavel,32,43.5,0.406,12.0
2026-04-27,Lucas do Rio Verde,23,38.6,0.435,7.0
2026-04-27,Não-Me-Toque,10,48.8,0.6,4.0
2026-04-27,Rio Verde,45,46.4,0.578,27.0
2026-04-27,Sorriso,62,30.9,0.323,18.0
2026-05-04,Barreiras,38,41.0,0.447,20.0
2026-05-04,Cascavel,24,33.4,0.25,13.0
2026-05-04,Lucas do Rio Verde,47,27.3,0.213,10.0
2026-05-04,Não-Me-Toque,10,53.7,0.5,5.0
2026-05-04,Rio Verde,32,32.1,0.281,11.0
2026-05-04,Sorriso,56,41.1,0.357,19.0
2026-05-11,Barreiras,36,25.2,0.167,8.0
2026-05-11,Cascavel,28,31.3,0.321,11.0
2026-05-11,Lucas do Rio Verde,40,19.7,0.075,5.0
2026-05-11,Não-Me-Toque,10,53.1,0.7,7.0
2026-05-11,Rio Verde,45,14.7,0.0,3.0
2026-05-11,Sorriso,68,49.0,0.559,37.0
2026-05-18,Barreiras,39,14.5,0.077,6.0
2026-05-18,Cascavel,35,49.7,0.6,17.0
2026-05-18,Lucas do Rio Verde,33,17.9,0.121,9.0
2026-05-18,Não-Me-Toque,13,59.5,0.615,7.0
2026-05-18,Rio Verde,36,11.4,0.0,6.0
2026-05-18,Sorriso,57,18.0,0.088,13.0
2026-05-25,Barreiras,35,7.7,0.0,0.0
2026-05-25,Cascavel,19,59.7,0.684,12.0
2026-05-25,Lucas do Rio Verde,42,20.1,0.143,5.0
2026-05-25,Não-Me-Toque,21,61.7,0.714,13.0
2026-05-25,Rio Verde,42,10.0,0.0,6.0
2026-05-25,Sorriso,55,12.9,0.036,3.0
2026-06-01,Barreiras,46,11.2,0.065,6.0
2026-06-01,Cascavel,31,62.2,0.71,21.0
2026-06-01,Lucas do Rio Verde,36,14.3,0.028,0.0
2026-06-01,Não-Me-Toque,13,50.5,0.538,6.0
2026-06-01,Rio Verde,47,10.2,0.0,4.0
2026-06-01,Sorriso,56,15.2,0.089,9.0
2026-06-08,Barreiras,34,20.5,0.147,10.0
2026-06-08,Cascavel,22,59.6,0.636,14.0
2026-06-08,Lucas do Rio Verde,30,20.1,0.133,7.0
2026-06-08,Não-Me-Toque,15,54.2,0.6,9.0
2026-06-08,Rio Verde,48,12.6,0.042,9.0
2026-06-08,Sorriso,76,12.3,0.026,11.0
2026-06-15,Barreiras,39,18.0,0.154,5.0
2026-06-15,Cascavel,30,54.9,0.5,17.0
2026-06-15,Lucas do Rio Verde,27,12.8,0.037,4.0
2026-06-15,Não-Me-Toque,14,37.9,0.357,6.0
2026-06-15,Rio Verde,35,7.7,0.0,0.0
2026-06-15,Sorriso,72,11.6,0.028,7.0
2026-06-22,Barreiras,38,12.3,0.079,2.0
2026-06-22,Cascavel,37,51.3,0.568,18.0
2026-06-22,Lucas do Rio Verde,35,11.3,0.0,2.0
2026-06-22,Não-Me-Toque,16,59.2,0.688,9.0
2026-06-22,Rio Verde,43,9.7,0.0,3.0
2026-06-22,Sorriso,62,11.1,0.0,7.0
2026-06-29,Barreiras,37,9.1,0.0,4.0
2026-06-29,Cascavel,26,49.0,0.538,15.0
2026-06-29,Lucas do Rio Verde,46,9.2,0.022,0.0
2026-06-29,Não-Me-Toque,16,44.7,0.438,7.0
2026-06-29,Rio Verde,48,9.4,0.0,8.0
2026-06-29,Sorriso,58,13.2,0.034,4.0
2026-07-06,Barreiras,32,12.7,0.062,5.0
2026-07-06,Cascavel,29,58.3,0.586,18.0
2026-07-06,Lucas do Rio Verde,44,11.8,0.023,5.0
2026-07-06,Não-Me-Toque,12,34.6,0.167,5.0
2026-07-06,Rio Verde,45,10.4,0.0,5.0
2026-07-06,Sorriso,50,16.5,0.08,13.0
2026-07-13,Barreiras,45,10.1,0.022,4.0
2026-07-13,Cascavel,31,65.3,0.774,17.0
2026-07-13,Lucas do Rio Verde,28,9.1,0.036,1.0
2026-07-13,Não-Me-Toque,10,37.9,0.3,6.0
2026-07-13,Rio Verde,48,11.1,0.0,7.0
2026-07-13,Sorriso,44,14.5,0.091,5.0
2026-07-20,Barreiras,29,16.6,0.172,5.0
2026-07-20,Cascavel,17,49.0,0.529,7.0
2026-07-20,Lucas do Rio Verde,46,15.8,0.087,6.0
2026-07-20,Não-Me-Toque,10,62.7,0.6,6.0
2026-07-20,Rio Verde,46,16.0,0.043,10.0
2026-07-20,Sorriso,48,11.9,0.0,6.0
2026-07-27,Barreiras,27,11.3,0.074,2.0
2026-07-27,Cascavel,29,65.0,0.862,20.0
2026-07-27,Lucas do Rio Verde,48,11.0,0.021,4.0
2026-07-27,Não-Me-Toque,11,65.4,0.727,4.0
2026-07-27,Rio Verde,41,14.2,0.049,5.0
2026-07-27,Sorriso,53,14.3,0.075,3.0
2026-08-03,Barreiras,34,10.3,0.0,3.0
2026-08-03,Cascavel,31,52.3,0.581,17.0
2026-08-03,Lucas do Rio Verde,43,10.1,0.047,3.0
2026-08-03,Não-Me-Toque,10,58.1,0.5,5.0
2026-08-03,Rio Verde,53,11.8,0.019,5.0
2026-08-03,Sorriso,65,13.4,0.046,10.0
2026-08-10,Barreiras,44,14.2,0.045,6.0
2026-08-10,Cascavel,28,49.1,0.464,15.0
2026-08-10,Lucas do Rio Verde,47,10.9,0.064,4.0
2026-08-10,Não-Me-Toque,14,66.0,0.857,9.0
2026-08-10,Rio Verde,44,10.3,0.045,3.0
2026-08-10,Sorriso,49,11.2,0.041,6.0
2026-08-17,Barreiras,45,10.6,0.0,6.0
2026-08-17,Cascavel,15,62.5,0.733,11.0
2026-08-17,Lucas do Rio Verde,27,8.6,0.0,1.0
2026-08-17,Não-Me-Toque,14,61.9,0.714,10.0
2026-08-17,Rio Verde,33,10.2,0.0,2.0
2026-08-17,Sorriso,73,10.9,0.041,5.0
2026-08-24,Barreiras,51,11.7,0.0,3.0
2026-08-24,Cascavel,21,54.5,0.571,13.0
2026-08-24,Lucas do Rio Verde,30,14.2,0.033,3.0
2026-08-24,Não-Me-Toque,9,75.4,0.778,8.0
2026-08-24,Rio Verde,40,11.2,0.0,5.0
2026-08-24,Sorriso,63,17.3,0.095,11.0
2026-08-31,Barreiras,7,17.9,0.0,1.0
2026-08-31,Cascavel,1,60.0,1.0,1.0
2026-08-31,Lucas do Rio Verde,3,9.0,0.0,0.0
2026-08-31,Não-Me-Toque,4,45.2,0.5,3.0
2026-08-31,Rio Verde,7,6.0,0.0,1.0
2026-08-31,Sorriso,5,7.8,0.0,0.0
