periodo,tipo_operacao,leituras,score_medio,pct_alto_critico,sinistros_reais
2026-02-23,Colheita,15,48.1,0.667,8.0
2026-02-23,Plantio,8,43.2,0.5,3.0
2026-02-23,Pulverizacao,3,29.0,0.333,1.0
2026-02-23,Transporte,3,33.7,0.333,1.0
2026-03-02,Colheita,75,57.9,0.667,44.0
2026-03-02,Plantio,54,56.9,0.685,36.0
2026-03-02,Pulverizacao,38,54.1,0.526,21.0
2026-03-02,Transporte,32,57.8,0.688,17.0
2026-03-09,Colheita,81,50.4,0.556,41.0
2026-03-09,Plantio,59,43.6,0.508,22.0
2026-03-09,Pulverizacao,50,48.6,0.56,24.0
2026-03-09,Transporte,28,52.8,0.571,17.0
2026-03-16,Colheita,89,55.9,0.618,53.0
2026-03-16,Plantio,64,39.8,0.469,22.0
2026-03-16,Pulverizacao,44,43.1,0.455,21.0
2026-03-16,Transporte,40,41.7,0.375,17.0
2026-03-23,Colheita,88,53.3,0.568,52.0
2026-03-23,Plantio,68,51.6,0.588,36.0
2026-03-23,Pulverizacao,47,48.6,0.511,19.0
2026-03-23,Transporte,25,51.4,0.6,14.0
2026-03-30,Colheita,98,52.5,0.561,51.0
2026-03-30,Plantio,53,46.8,0.547,29.0
2026-03-30,Pulverizacao,40,53.4,0.6,22.0
2026-03-30,Transporte,31,52.8,0.581,15.0
2026-04-06,Colheita,79,55.9,0.608,42.0
2026-04-06,Plantio,74,52.5,0.622,35.0
2026-04-06,Pulverizacao,46,47.2,0.522,18.0
2026-04-06,Transporte,31,47.7,0.452,15.0
2026-04-13,Colheita,80,52.1,0.562,39.0
2026-04-13,Plantio,61,50.1,0.574,26.0
2026-04-13,Pulverizacao,54,47.6,0.537,21.0
2026-04-13,Transporte,23,48.6,0.565,13.0
2026-04-20,Colheita,89,46.5,0.539,46.0
2026-04-20,Plantio,17,25.5,0.176,6.0
2026-04-20,Pulverizacao,38,45.9,0.579,16.0
2026-04-20,Transporte,66,43.6,0.485,31.0
2026-04-27,Colheita,86,50.5,0.581,45.0
2026-04-27,Plantio,21,33.6,0.381,6.0
2026-04-27,Pulverizacao,36,32.6,0.306,10.0
2026-04-27,Transporte,62,38.0,0.403,27.0
2026-05-04,Colheita,81,35.6,0.333,34.0
2026-05-04,Plantio,19,41.1,0.421,9.0
2026-05-04,Pulverizacao,44,33.0,0.227,13.0
2026-05-04,Transporte,63,38.1,0.349,22.0
2026-05-11,Colheita,90,31.8,0.311,26.0
2026-05-11,Plantio,22,26.7,0.182,7.0
2026-05-11,Pulverizacao,51,35.5,0.353,22.0
2026-05-11,Transporte,64,28.7,0.203,16.0
2026-05-18,Colheita,91,29.5,0.264,29.0
2026-05-18,Plantio,16,13.8,0.062,2.0
2026-05-18,Pulverizacao,40,18.6,0.15,12.0
2026-05-18,Transporte,66,22.1,0.152,15.0
2026-05-25,Colheita,82,26.0,0.195,19.0
2026-05-25,Plantio,24,12.0,0.042,2.0
2026-05-25,Pulverizacao,38,17.1,0.079,5.0
2026-05-25,Transporte,70,22.9,0.229,13.0
2026-06-01,Colheita,90,23.5,0.189,19.0
2026-06-01,Plantio,22,13.2,0.045,1.0
2026-06-01,Pulverizacao,43,25.3,0.186,13.0
2026-06-01,Transporte,74,19.6,0.162,13.0
2026-06-08,Colheita,84,28.8,0.262,28.0
2026-06-08,Plantio,26,18.2,0.154,6.0
2026-06-08,Pulverizacao,37,15.3,0.054,5.0
2026-06-08,Transporte,78,19.3,0.103,21.0
2026-06-15,Colheita,76,25.1,0.197,17.0
2026-06-15,Plantio,22,15.0,0.091,3.0
2026-06-15,Pulverizacao,52,14.3,0.038,9.0
2026-06-15,Transporte,67,20.0,0.149,10.0
2026-06-22,Colheita,85,26.3,0.224,21.0
2026-06-22,Plantio,20,12.2,0.05,1.0
2026-06-22,Pulverizacao,49,14.7,0.082,5.0
2026-06-22,Transporte,77,21.0,0.143,14.0
2026-06-29,Colheita,86,19.2,0.128,15.0
2026-06-29,Plantio,22,10.2,0.045,2.0
2026-06-29,Pulverizacao,41,18.3,0.122,5.0
2026-06-29,Transporte,82,16.4,0.085,16.0
2026-07-06,Colheita,92,19.8,0.098,18.0
2026-07-06,Plantio,14,7.4,0.0,0.0
2026-07-06,Pulverizacao,42,20.3,0.119,9.0
2026-07-06,Transporte,64,24.2,0.188,24.0
2026-07-13,Colheita,78,24.4,0.218,17.0
2026-07-13,Plantio,17,11.9,0.118,1.0
2026-07-13,Pulverizacao,42,18.3,0.119,4.0
2026-07-13,Transporte,69,20.4,0.13,18.0
2026-07-20,Colheita,71,27.7,0.211,22.0
2026-07-20,Plantio,24,16.4,0.125,2.0
2026-07-20,Pulverizacao,47,13.6,0.064,4.0
2026-07-20,Transporte,54,18.1,0.093,12.0
2026-07-27,Colheita,73,34.8,0.37,19.0
2026-07-27,Plantio,20,17.5,0.1,1.0
2026-07-27,Pulverizacao,48,12.6,0.062,3.0
2026-07-27,Transporte,68,18.9,0.147,15.0
2026-08-03,Colheita,85,24.0,0.176,22.0
2026-08-03,Plantio,26,16.1,0.154,3.0
2026-08-03,Pulverizacao,48,15.5,0.104,6.0
2026-08-03,Transporte,77,16.5,0.065,12.0
2026-08-10,Colheita,94,22.6,0.181,23.0
2026-08-10,Plantio,23,16.3,0.13,2.0
2026-08-10,Pulverizacao,52,12.5,0.058,7.0
2026-08-10,Transporte,57,22.7,0.193,11.0
2026-08-17,Colheita,75,22.1,0.173,18.0
2026-08-17,Plantio,13,7.7,0.0,0.0
2026-08-17,Pulverizacao,50,16.3,0.12,6.0
2026-08-17,Transporte,69,15.5,0.072,11.0
2026-08-24,Colheita,79,28.1,0.228,25.0
2026-08-24,Plantio,23,14.0,0.043,2.0
2026-08-24,Pulverizacao,34,11.5,0.029,4.0
2026-08-24,Transporte,78,18.5,0.077,12.0
2026-08-31,Colheita,10,19.8,0.1,3.0
2026-08-31,Plantio,5,17.8,0.2,1.0
2026-08-31,Pulverizacao,3,11.0,0.0,0.0
2026-08-31,Transporte,9,17.1,0.111,2.0
